image,width,height,mode,sigma,k,k_elbow,k_silhouette_best,cr_theoretical,cr_actual_bytes,cr_actual_vs_orig_png,cr_actual_vs_noisy_png,orig_file_bytes,orig_png_bytes,noisy_png_bytes,compressed_png_bytes,mse_vs_original,psnr_db_vs_original,ssim_vs_original,inertia,silhouette
4.2.07,512,512,noise,15,4,16,4,11.997803136632697,10.846627408993577,10.846627408993577,13.394580793938395,786572,526799,650548,48568,610.8419799804688,20.271514846653048,0.4906233355835868,104830272.0,0.4173415005207062
4.2.07,512,512,noise,15,8,16,4,7.998047351720771,5.7478178326714096,5.7478178326714096,7.098022956400297,786572,526799,650548,91652,325.2309875488281,23.008884430100643,0.5305879963378968,57704784.0,0.3376616835594177
4.2.07,512,512,noise,15,16,16,4,5.997803538743136,3.0609518718441864,3.0609518718441864,3.779992213964893,786572,526799,650548,172103,258.1796875,24.011582900702667,0.5211365870575929,38007748.0,0.25543272495269775
4.2.07,512,512,noise,15,32,16,4,4.797189146984189,1.815146231876068,1.815146231876068,2.241537570979657,786572,526799,650548,290224,233.77928161621094,24.44274341118455,0.49239368967515484,24550120.0,0.24291586875915527
4.2.07,512,512,noise,15,64,16,4,3.9960975609756098,1.1848377367487073,1.1848377367487073,1.463164926217396,786572,526799,650548,444617,228.49681091308594,24.542002177859544,0.4799988211405914,15895162.0,0.23386304080486298
