image,width,height,mode,sigma,k,k_elbow,k_silhouette_best,cr_theoretical,cr_actual_bytes,cr_actual_vs_orig_png,cr_actual_vs_noisy_png,orig_file_bytes,orig_png_bytes,noisy_png_bytes,compressed_png_bytes,mse_vs_original,psnr_db_vs_original,ssim_vs_original,inertia,silhouette
4.2.07,512,512,noise,10,4,16,4,11.997803136632697,12.796011562097695,12.796011562097695,14.830479244091428,786572,526799,610556,41169,577.7562866210938,20.513356810914985,0.5310007413652039,92295872.0,0.4435683488845825
4.2.07,512,512,noise,10,8,16,4,7.998047351720771,7.196904287002377,7.196904287002377,8.34115686220935,786572,526799,610556,73198,271.6379089355469,23.790899822525898,0.6113629805062196,45888588.0,0.3796164393424988
4.2.07,512,512,noise,10,16,16,4,5.997803538743136,4.007386445757929,4.007386445757929,4.644530150543524,786572,526799,610556,131457,178.17901611328125,25.622238043927176,0.6204828632605502,28444040.0,0.28344395756721497
4.2.07,512,512,noise,10,32,16,4,4.797189146984189,2.282877089282851,2.282877089282851,2.6458370348542433,786572,526799,610556,230761,138.10443115234375,26.728727475018935,0.6252704325791177,18026944.0,0.25397709012031555
4.2.07,512,512,noise,10,64,16,4,3.9960975609756098,1.45030200917315,1.45030200917315,1.6808889035718022,786572,526799,610556,363234,120.09259796142578,27.335641208553064,0.6264587014876724,11586145.0,0.23236899077892303
