image,width,height,mode,sigma,k,k_elbow,k_silhouette_best,cr_theoretical,cr_actual_bytes,cr_actual_vs_orig_png,cr_actual_vs_noisy_png,orig_file_bytes,orig_png_bytes,noisy_png_bytes,compressed_png_bytes,mse_vs_original,psnr_db_vs_original,ssim_vs_original,inertia,silhouette
lena_color,512,512,noise,15,4,16,4,11.997803136632697,8.24032943589065,8.24032943589065,10.733755602229316,786572,498268,649038,60467,329.2851867675781,22.955081669000116,0.5664993831101833,65704608.0,0.3826206922531128
lena_color,512,512,noise,15,8,16,4,7.998047351720771,3.9728270836157202,3.9728270836157202,5.1749575423181495,786572,498268,649038,125419,230.4836883544922,24.50440165668504,0.5362876238700669,41217512.0,0.291581928730011
lena_color,512,512,noise,15,16,16,4,5.997803538743136,2.240967865254447,2.240967865254447,2.919058220333266,786572,498268,649038,222345,206.9249267578125,24.972675507178586,0.511068963294988,27684908.0,0.23398442566394806
lena_color,512,512,noise,15,32,16,4,4.797189146984189,1.3318471712133604,1.3318471712133604,1.7348483633506007,786572,498268,649038,374118,215.72021484375,24.791895167216136,0.4875075591619035,18182956.0,0.23234987258911133
lena_color,512,512,noise,15,64,16,4,3.9960975609756098,0.9439521988129271,0.9439521988129271,1.2295809628817114,786572,498268,649038,527853,219.2908172607422,24.720599147648777,0.48165116430428156,11919700.0,0.2260294258594513
