image,width,height,mode,sigma,k,k_elbow,k_silhouette_best,cr_theoretical,cr_actual_bytes,cr_actual_vs_orig_png,cr_actual_vs_noisy_png,orig_file_bytes,orig_png_bytes,noisy_png_bytes,compressed_png_bytes,mse_vs_original,psnr_db_vs_original,ssim_vs_original,inertia,silhouette
4.2.03,512,512,noise,5,4,16,4,11.997803136632697,10.677221792240132,10.677221792240132,10.88366928020998,786572,634590,646860,59434,721.83740234375,19.546409793890078,0.6274069072474838,110446976.0,0.4064860939979553
4.2.03,512,512,noise,5,8,16,4,7.998047351720771,6.181111565659517,6.181111565659517,6.300625328735901,786572,634590,646860,102666,381.590087890625,22.314832758377264,0.717767734578339,58424216.0,0.34242820739746094
4.2.03,512,512,noise,5,16,16,4,5.997803538743136,3.9869695789301733,3.9869695789301733,4.064058907053014,786572,634590,646860,159166,221.0321044921875,24.686250021548833,0.8022463658809755,33431246.0,0.30693137645721436
4.2.03,512,512,noise,5,32,16,4,4.797189146984189,2.473061289706587,2.473061289706587,2.5208787183214407,786572,634590,646860,256601,138.02862548828125,26.73111197637686,0.8554833414049301,20374544.0,0.2623271942138672
4.2.03,512,512,noise,5,64,16,4,3.9960975609756098,1.6509744440946685,1.6509744440946685,1.6828965614130025,786572,634590,646860,384373,95.00995635986328,28.35311242257179,0.8888100209298679,12977744.0,0.24834413826465607
