image,width,height,mode,sigma,k,k_elbow,k_silhouette_best,cr_theoretical,cr_actual_bytes,cr_actual_vs_orig_png,cr_actual_vs_noisy_png,orig_file_bytes,orig_png_bytes,noisy_png_bytes,compressed_png_bytes,mse_vs_original,psnr_db_vs_original,ssim_vs_original,inertia,silhouette
4.2.05,512,512,noise,15,4,16,4,11.997803136632697,6.608465840232453,6.608465840232453,9.480733569874575,786572,452594,649307,68487,268.56268310546875,23.840346937387725,0.5915336499321509,56875880.0,0.3279571235179901
4.2.05,512,512,noise,15,8,16,4,7.998047351720771,3.3003536660954533,3.3003536660954533,4.734801473001057,786572,452594,649307,137135,195.2860107421875,25.224092270274475,0.5394969563510608,36161792.0,0.2466178983449936
4.2.05,512,512,noise,15,16,16,4,5.997803538743136,1.8394391383865067,1.8394391383865067,2.6389229831335093,786572,452594,649307,246050,194.6912384033203,25.237339532549623,0.4930645656987184,23626338.0,0.2305605709552765
4.2.05,512,512,noise,15,32,16,4,4.797189146984189,1.1433992198710563,1.1433992198710563,1.6403600517391217,786572,452594,649307,395832,201.3081512451172,25.09219000439745,0.47137281968738276,15100213.0,0.22808696329593658
4.2.05,512,512,noise,15,64,16,4,3.9960975609756098,0.839274720547112,0.839274720547112,1.204052530467226,786572,452594,649307,539268,208.42559814453125,24.94129304348849,0.4630800688478396,9899965.0,0.22068564593791962
