image,width,height,mode,sigma,k,k_elbow,k_silhouette_best,cr_theoretical,cr_actual_bytes,cr_actual_vs_orig_png,cr_actual_vs_noisy_png,orig_file_bytes,orig_png_bytes,noisy_png_bytes,compressed_png_bytes,mse_vs_original,psnr_db_vs_original,ssim_vs_original,inertia,silhouette
4.2.03,512,512,noise,20,4,16,4,11.997803136632697,8.921175825566193,8.921175825566193,10.039629988894044,786572,634590,714149,71133,829.212890625,18.944143160184566,0.5829800001653785,148052112.0,0.35170215368270874
4.2.03,512,512,noise,20,8,16,4,7.998047351720771,4.91873038018835,4.91873038018835,5.535395109095842,786572,634590,714149,129015,553.6627807617188,20.698350312391252,0.6313914781706725,90074240.0,0.28545910120010376
4.2.03,512,512,noise,20,16,16,4,5.997803538743136,3.0102604727502147,3.0102604727502147,3.3876589709168017,786572,634590,714149,210809,463.638916015625,21.469004790864428,0.6563964378490076,58752404.0,0.2521032691001892
4.2.03,512,512,noise,20,32,16,4,4.797189146984189,1.8857030788019982,1.8857030788019982,2.1221150160314033,786572,634590,714149,336527,435.9427795410156,21.736508719672557,0.649818347522182,38952776.0,0.2268245816230774
4.2.03,512,512,noise,20,64,16,4,3.9960975609756098,1.303461024956352,1.303461024956352,1.4668768614563008,786572,634590,714149,486850,420.4107971191406,21.894064996842822,0.6519942347470492,25364358.0,0.23207631707191467
