image,width,height,mode,sigma,k,k_elbow,k_silhouette_best,cr_theoretical,cr_actual_bytes,cr_actual_vs_orig_png,cr_actual_vs_noisy_png,orig_file_bytes,orig_png_bytes,noisy_png_bytes,compressed_png_bytes,mse_vs_original,psnr_db_vs_original,ssim_vs_original,inertia,silhouette
lena_color,512,512,noise,10,4,16,4,11.997803136632697,10.074364625245153,10.074364625245153,12.247477708809317,786572,498268,605748,49459,296.39501953125,23.412094591593654,0.6327621753450913,52172320.0,0.4297826588153839
lena_color,512,512,noise,10,8,16,4,7.998047351720771,5.020585419920399,5.020585419920399,6.103561892286765,786572,498268,605748,99245,169.0019073486328,25.8518875479677,0.6582646722976001,30034356.0,0.31767427921295166
lena_color,512,512,noise,10,16,16,4,5.997803538743136,2.8528862780125275,2.8528862780125275,3.468274416847023,786572,498268,605748,174654,119.3797378540039,27.361497399785684,0.6457237353383464,18856920.0,0.2629725933074951
lena_color,512,512,noise,10,32,16,4,4.797189146984189,1.6436568518139774,1.6436568518139774,1.9982054851457713,786572,498268,605748,303146,111.53564453125,27.65666679587896,0.6309477797232069,12481249.0,0.23429101705551147
lena_color,512,512,noise,10,64,16,4,3.9960975609756098,1.1043810148634452,1.1043810148634452,1.3426039621077455,786572,498268,605748,451174,106.35922241210938,27.863052073058288,0.6303496385939683,8209251.5,0.22790344059467316
