image,width,height,mode,sigma,k,k_elbow,k_silhouette_best,cr_theoretical,cr_actual_bytes,cr_actual_vs_orig_png,cr_actual_vs_noisy_png,orig_file_bytes,orig_png_bytes,noisy_png_bytes,compressed_png_bytes,mse_vs_original,psnr_db_vs_original,ssim_vs_original,inertia,silhouette
lena_color,512,512,noise,20,4,16,4,11.997803136632697,6.8893866489685305,6.8893866489685305,9.476190476190476,786572,498268,685356,72324,380.1146240234375,22.331657824763084,0.5021702553271481,83785896.0,0.33900120854377747
lena_color,512,512,noise,20,8,16,4,7.998047351720771,3.3794628323385782,3.3794628323385782,4.648372219207813,786572,498268,685356,147440,322.0578308105469,23.05146497411804,0.44512222210673696,55458576.0,0.26294368505477905
lena_color,512,512,noise,20,16,16,4,5.997803538743136,1.8416309996377855,1.8416309996377855,2.533120439979598,786572,498268,685356,270558,361.8319396972656,22.545734605275427,0.39435113519536436,37537880.0,0.23201049864292145
lena_color,512,512,noise,20,32,16,4,4.797189146984189,1.1469307331804914,1.1469307331804914,1.57757644394111,786572,498268,685356,434436,365.7433166503906,22.499039620059694,0.3839626391563143,24471092.0,0.2283400148153305
lena_color,512,512,noise,20,64,16,4,3.9960975609756098,0.8497371154151154,0.8497371154151154,1.1687935618431082,786572,498268,685356,586379,373.7447814941406,22.405052234394265,0.37891695370501083,15885837.0,0.2254607230424881
