image,width,height,mode,sigma,k,k_elbow,k_silhouette_best,cr_theoretical,cr_actual_bytes,cr_actual_vs_orig_png,cr_actual_vs_noisy_png,orig_file_bytes,orig_png_bytes,noisy_png_bytes,compressed_png_bytes,mse_vs_original,psnr_db_vs_original,ssim_vs_original,inertia,silhouette
4.1.05,256,256,noise,10,4,16,4,11.991217370090267,13.684100174723355,13.684100174723355,17.639138031450205,196748,117478,151432,8585,235.0201873779297,24.419751926800462,0.7110590349425059,46379596.0,0.5594538450241089
4.1.05,256,256,noise,10,8,16,4,7.9921951219512195,9.21757551981169,9.21757551981169,11.881679089839153,196748,117478,151432,12745,97.5541763305664,28.238344944311176,0.7501650069028828,24985770.0,0.4693392217159271
4.1.05,256,256,noise,10,16,16,4,5.991223793271575,2.7441078227558338,2.7441078227558338,3.537221742075635,196748,117478,151432,42811,89.0549545288086,28.63422274635567,0.6853433628165683,16059483.0,0.2423318326473236
4.1.05,256,256,noise,10,32,16,4,4.788776305533905,1.504835589941973,1.504835589941973,1.9397696850141546,196748,117478,151432,78067,91.72234344482422,28.506052187333154,0.6422550971499239,10304985.0,0.23147590458393097
4.1.05,256,256,noise,10,64,16,4,3.9844357976653697,1.0335641325673262,1.0335641325673262,1.3322893113854113,196748,117478,151432,113663,96.18952178955078,28.299525952420108,0.6297675881147553,6831609.0,0.22435934841632843
