image,width,height,mode,sigma,k,k_elbow,k_silhouette_best,cr_theoretical,cr_actual_bytes,cr_actual_vs_orig_png,cr_actual_vs_noisy_png,orig_file_bytes,orig_png_bytes,noisy_png_bytes,compressed_png_bytes,mse_vs_original,psnr_db_vs_original,ssim_vs_original,inertia,silhouette
4.2.07,512,512,noise,5,4,16,4,11.997803136632697,14.982480589289269,14.982480589289269,15.888996331162367,786572,526799,558673,35161,559.1727905273438,20.655343304824534,0.560903358546957,84809608.0,0.4642375111579895
4.2.07,512,512,noise,5,8,16,4,7.998047351720771,8.823808247629895,8.823808247629895,9.357693209607719,786572,526799,558673,59702,248.29920959472656,24.18105023790974,0.6558472990149711,38411348.0,0.4188908338546753
4.2.07,512,512,noise,5,16,16,4,5.997803538743136,5.079196274477665,5.079196274477665,5.3865133006161,786572,526799,558673,103717,140.8695526123047,26.64263225539803,0.7015013033021024,21964704.0,0.3214886784553528
4.2.07,512,512,noise,5,32,16,4,4.797189146984189,3.0750313749525726,3.0750313749525726,3.2610863030090766,786572,526799,558673,171315,88.1246566772461,28.679829228227014,0.7457056620010686,13074036.0,0.2894878685474396
4.2.07,512,512,noise,5,64,16,4,3.9960975609756098,1.9060263544463178,1.9060263544463178,2.0213505749205822,786572,526799,558673,276386,60.40142822265625,30.320331530102685,0.7820575694256431,8046167.0,0.2572347819805145
