image,width,height,mode,sigma,k,k_elbow,k_silhouette_best,cr_theoretical,cr_actual_bytes,cr_actual_vs_orig_png,cr_actual_vs_noisy_png,orig_file_bytes,orig_png_bytes,noisy_png_bytes,compressed_png_bytes,mse_vs_original,psnr_db_vs_original,ssim_vs_original,inertia,silhouette
4.1.05,256,256,noise,5,4,16,4,11.991217370090267,19.81079258010118,19.81079258010118,22.699325463743676,196748,117478,134607,5930,221.8575897216797,24.670060703987794,0.73704361577297,36473304.0,0.628318190574646
4.1.05,256,256,noise,5,8,16,4,7.9921951219512195,12.966666666666667,12.966666666666667,14.85728476821192,196748,117478,134607,9060,81.78125762939453,29.004265760324895,0.7845349109470224,15227975.0,0.5864341259002686
4.1.05,256,256,noise,5,16,16,4,5.991223793271575,3.7848513160862143,3.7848513160862143,4.33670543509778,196748,117478,134607,31039,48.8988151550293,31.23782024809051,0.8418201095011572,8765893.0,0.26891201734542847
4.1.05,256,256,noise,5,32,16,4,4.788776305533905,1.9213018235342219,1.9213018235342219,2.20143920189713,196748,117478,134607,61145,37.35222244262695,32.40763913595895,0.8366296301653141,5553814.0,0.24804946780204773
4.1.05,256,256,noise,5,64,16,4,3.9844357976653697,1.217880801567473,1.217880801567473,1.395455158043147,196748,117478,134607,96461,32.83012771606445,32.968077886389004,0.8358359577860234,3671241.5,0.22688667476177216
