image,width,height,mode,sigma,k,k_elbow,k_silhouette_best,cr_theoretical,cr_actual_bytes,cr_actual_vs_orig_png,cr_actual_vs_noisy_png,orig_file_bytes,orig_png_bytes,noisy_png_bytes,compressed_png_bytes,mse_vs_original,psnr_db_vs_original,ssim_vs_original,inertia,silhouette
4.2.03,512,512,noise,15,4,16,4,11.997803136632697,9.628713622431949,9.628713622431949,10.49664673929536,786572,634590,691792,65906,777.3447265625,19.22466704174313,0.6003079282071101,130953056.0,0.3736673891544342
4.2.03,512,512,noise,15,8,16,4,7.998047351720771,5.407623283994171,5.407623283994171,5.895066935944304,786572,634590,691792,117351,468.8669738769531,21.420307179523398,0.6690756202909224,76083808.0,0.30942606925964355
4.2.03,512,512,noise,15,16,16,4,5.997803538743136,3.332598112583303,3.332598112583303,3.6329988078920694,786572,634590,691792,190419,332.55413818359375,22.912180044604288,0.7278747858878519,48079200.0,0.2628248631954193
4.2.03,512,512,noise,15,32,16,4,4.797189146984189,2.0842721354765392,2.0842721354765392,2.272148614295192,786572,634590,691792,304466,282.4438171386719,23.621482886532277,0.7371197143835125,31595814.0,0.23235931992530823
4.2.03,512,512,noise,15,64,16,4,3.9960975609756098,1.4177962371729422,1.4177962371729422,1.5455965182343623,786572,634590,691792,447589,265.3677673339844,23.89232190339151,0.7355987473024257,20683178.0,0.22750723361968994
